keyword,volume
family vacation,12000
family vacation packages,8500
all inclusive family vacation,2400
best family vacations,5600
family beach vacation,1900
family ski vacation,1200
disney family vacation,3400
family vacation ideas,4200
cheap family vacations,2800
family vacation spots,1600
summer family vacation,1500
family cruise vacation,2100
tropical family vacation,890
family mountain vacation,720
affordable family vacations,980
family vacation destinations,3100
luxury family vacation,650
family vacation resorts,1800
family vacation planning,420
spring break family vacation,890
family adventure vacation,560
best all inclusive family resorts,1900
family vacation on a budget,740
top family vacation spots,920
family vacation packages all inclusive,1100
winter family vacation,680
family vacation deals,2300
family friendly vacation spots,830
outdoor family vacation,490
europe family vacation,1400
beach resorts for families,1600
family vacation activities,380
caribbean family vacation,1800
family vacation rentals,920
road trip family vacation,560
educational family vacation,210
family vacation Hawaii,2800
family vacation Florida,1900
family vacation California,1500
Mexico family vacation,1600
